tag_path,syllabus_level,teacher_emphasis_count,review_emphasis_count,question_repeat_count,source_count,weight_score,notes
大二下::循环系统::英文::病理学::accelerated-hypertension,熟悉,0,0,0,1,1.0,整合课三部分词汇表初始导入
大二下::循环系统::英文::病理学::active-hyperemia,熟悉,0,0,0,1,1.0,整合课三部分词汇表初始导入
大二下::循环系统::英文::病理学::acute-infective-endocarditis,熟悉,0,0,0,1,1.0,整合课三部分词汇表初始导入
大二下::循环系统::英文::病理学::acute-pericarditis,熟悉,0,0,0,1,1.0,整合课三部分词汇表初始导入
大二下::循环系统::英文::病理学::adhesion,熟悉,0,0,0,1,1.0,整合课三部分词汇表初始导入
大二下::循环系统::英文::病理学::aggregation,熟悉,0,0,0,1,1.0,整合课三部分词汇表初始导入
大二下::循环系统::英文::病理学::air-embolism,熟悉,0,0,0,1,1.0,整合课三部分词汇表初始导入
大二下::循环系统::英文::病理学::amniotic-fluid-embolism,熟悉,0,0,0,1,1.0,整合课三部分词汇表初始导入
大二下::循环系统::英文::病理学::anasarca,熟悉,0,0,0,1,1.0,整合课三部分词汇表初始导入
大二下::循环系统::英文::病理学::anemic-infarct,熟悉,0,0,0,1,1.0,整合课三部分词汇表初始导入
大二下::循环系统::英文::病理学::aneurysm,熟悉,0,0,0,1,1.0,整合课三部分词汇表初始导入
大二下::循环系统::英文::病理学::angina-pectoris,熟悉,0,0,0,1,1.0,整合课三部分词汇表初始导入
大二下::循环系统::英文::病理学::aortic-valve-insufficiency,熟悉,0,0,0,1,1.0,整合课三部分词汇表初始导入
大二下::循环系统::英文::病理学::apolipoprotein,熟悉,0,0,0,1,1.0,整合课三部分词汇表初始导入
大二下::循环系统::英文::病理学::arterial-dissection,熟悉,0,0,0,1,1.0,整合课三部分词汇表初始导入
大二下::循环系统::英文::病理学::arterial-hyperemia,熟悉,0,0,0,1,1.0,整合课三部分词汇表初始导入
大二下::循环系统::英文::病理学::arteriolar-nephrosclerosis,熟悉,0,0,0,1,1.0,整合课三部分词汇表初始导入
大二下::循环系统::英文::病理学::arteriolith,熟悉,0,0,0,1,1.0,整合课三部分词汇表初始导入
大二下::循环系统::英文::病理学::arteriolosclerosis,熟悉,0,0,0,1,1.0,整合课三部分词汇表初始导入
大二下::循环系统::英文::病理学::arteriosclerosis,熟悉,0,0,0,1,1.0,整合课三部分词汇表初始导入
大二下::循环系统::英文::病理学::aschoff-body,熟悉,0,0,0,1,1.0,整合课三部分词汇表初始导入
大二下::循环系统::英文::病理学::aschoff-cell,熟悉,0,0,0,1,1.0,整合课三部分词汇表初始导入
大二下::循环系统::英文::病理学::ascites,熟悉,0,0,0,1,1.0,整合课三部分词汇表初始导入
大二下::循环系统::英文::病理学::atheroma,熟悉,0,0,0,1,1.0,整合课三部分词汇表初始导入
大二下::循环系统::英文::病理学::atheromatous-plaque,熟悉,0,0,0,1,1.0,整合课三部分词汇表初始导入
大二下::循环系统::英文::病理学::atherosclerosis,熟悉,0,0,0,1,1.0,整合课三部分词汇表初始导入
大二下::循环系统::英文::病理学::bacterial-myocarditis,熟悉,0,0,0,1,1.0,整合课三部分词汇表初始导入
大二下::循环系统::英文::病理学::basal-zone,熟悉,0,0,0,1,1.0,整合课三部分词汇表初始导入
大二下::循环系统::英文::病理学::benign-hypertension,熟悉,0,0,0,1,1.0,整合课三部分词汇表初始导入
大二下::循环系统::英文::病理学::brown-induration-of-lung,熟悉,0,0,0,1,1.0,整合课三部分词汇表初始导入
大二下::循环系统::英文::病理学::caisson-disease,熟悉,0,0,0,1,1.0,整合课三部分词汇表初始导入
大二下::循环系统::英文::病理学::caseous-pericarditis,熟悉,0,0,0,1,1.0,整合课三部分词汇表初始导入
大二下::循环系统::英文::病理学::cerebral-hemorrhage,熟悉,0,0,0,1,1.0,整合课三部分词汇表初始导入
大二下::循环系统::英文::病理学::cerebral-lacunar-infarct,熟悉,0,0,0,1,1.0,整合课三部分词汇表初始导入
大二下::循环系统::英文::病理学::chronic-hypertension,熟悉,0,0,0,1,1.0,整合课三部分词汇表初始导入
大二下::循环系统::英文::病理学::chronic-ischemic-heart-disease,熟悉,0,0,0,1,1.0,整合课三部分词汇表初始导入
大二下::循环系统::英文::病理学::chronic-pericarditis,熟悉,0,0,0,1,1.0,整合课三部分词汇表初始导入
大二下::循环系统::英文::病理学::chylomicra,熟悉,0,0,0,1,1.0,整合课三部分词汇表初始导入
大二下::循环系统::英文::病理学::circumferential-infarction,熟悉,0,0,0,1,1.0,整合课三部分词汇表初始导入
大二下::循环系统::英文::病理学::claudication,熟悉,0,0,0,1,1.0,整合课三部分词汇表初始导入
大二下::循环系统::英文::病理学::collateral-circulation,熟悉,0,0,0,1,1.0,整合课三部分词汇表初始导入
大二下::循环系统::英文::病理学::combinative-valvular-disease,熟悉,0,0,0,1,1.0,整合课三部分词汇表初始导入
大二下::循环系统::英文::病理学::congenital-heart-disease,熟悉,0,0,0,1,1.0,整合课三部分词汇表初始导入
大二下::循环系统::英文::病理学::congestion,熟悉,0,0,0,1,1.0,整合课三部分词汇表初始导入
大二下::循环系统::英文::病理学::congestion-of-liver,熟悉,0,0,0,1,1.0,整合课三部分词汇表初始导入
大二下::循环系统::英文::病理学::congestive-cardiomyopathy,熟悉,0,0,0,1,1.0,整合课三部分词汇表初始导入
大二下::循环系统::英文::病理学::congestive-cirrhosis,熟悉,0,0,0,1,1.0,整合课三部分词汇表初始导入
大二下::循环系统::英文::病理学::congestive-liver-cirrhosis,熟悉,0,0,0,1,1.0,整合课三部分词汇表初始导入
大二下::循环系统::英文::病理学::coronary-artery-heart-disease,熟悉,0,0,0,1,1.0,整合课三部分词汇表初始导入
大二下::循环系统::英文::病理学::creatine-phosphokinase,熟悉,0,0,0,1,1.0,整合课三部分词汇表初始导入
大二下::循环系统::英文::病理学::crossed-embolism,熟悉,0,0,0,1,1.0,整合课三部分词汇表初始导入
大二下::循环系统::英文::病理学::cyanosis,熟悉,0,0,0,1,1.0,整合课三部分词汇表初始导入
大二下::循环系统::英文::病理学::decompression-sickness,熟悉,0,0,0,1,1.0,整合课三部分词汇表初始导入
大二下::循环系统::英文::病理学::dilated-cardiomyopathy,熟悉,0,0,0,1,1.0,整合课三部分词汇表初始导入
大二下::循环系统::英文::病理学::dissecting-aneurysm,熟悉,0,0,0,1,1.0,整合课三部分词汇表初始导入
大二下::循环系统::英文::病理学::disseminated-intravascular-coagulation,熟悉,0,0,0,1,1.0,整合课三部分词汇表初始导入
大二下::循环系统::英文::病理学::diver-s-disease,熟悉,0,0,0,1,1.0,整合课三部分词汇表初始导入
大二下::循环系统::英文::病理学::ecchymoses,熟悉,0,0,0,1,1.0,整合课三部分词汇表初始导入
大二下::循环系统::英文::病理学::edema,熟悉,0,0,0,1,1.0,整合课三部分词汇表初始导入
大二下::循环系统::英文::病理学::embolism,熟悉,0,0,0,1,1.0,整合课三部分词汇表初始导入
大二下::循环系统::英文::病理学::embolus,熟悉,0,0,0,1,1.0,整合课三部分词汇表初始导入
大二下::循环系统::英文::病理学::encephalomalacia,熟悉,0,0,0,1,1.0,整合课三部分词汇表初始导入
大二下::循环系统::英文::病理学::endothelial-progenitor-cells,熟悉,0,0,0,1,1.0,整合课三部分词汇表初始导入
大二下::循环系统::英文::病理学::epistasis,熟悉,0,0,0,1,1.0,整合课三部分词汇表初始导入
大二下::循环系统::英文::病理学::erythema-annullare,熟悉,0,0,0,1,1.0,整合课三部分词汇表初始导入
大二下::循环系统::英文::病理学::essential-hypertension,熟悉,0,0,0,1,1.0,整合课三部分词汇表初始导入
大二下::循环系统::英文::病理学::false-aneurysm-or-pseudoaneurysm,熟悉,0,0,0,1,1.0,整合课三部分词汇表初始导入
大二下::循环系统::英文::病理学::fat-embolism,熟悉,0,0,0,1,1.0,整合课三部分词汇表初始导入
大二下::循环系统::英文::病理学::fatty-streak,熟悉,0,0,0,1,1.0,整合课三部分词汇表初始导入
大二下::循环系统::英文::病理学::fibrinous-and-serofibrinous-pericarditis,熟悉,0,0,0,1,1.0,整合课三部分词汇表初始导入
大二下::循环系统::英文::病理学::fibrinous-thrombus,熟悉,0,0,0,1,1.0,整合课三部分词汇表初始导入
大二下::循环系统::英文::病理学::fibrous-cap,熟悉,0,0,0,1,1.0,整合课三部分词汇表初始导入
大二下::循环系统::英文::病理学::fibrous-plaque,熟悉,0,0,0,1,1.0,整合课三部分词汇表初始导入
大二下::循环系统::英文::病理学::glutamic-oxaloacetic-transaminase,熟悉,0,0,0,1,1.0,整合课三部分词汇表初始导入
大二下::循环系统::英文::病理学::hematemesis,熟悉,0,0,0,1,1.0,整合课三部分词汇表初始导入
大二下::循环系统::英文::病理学::hematochezia,熟悉,0,0,0,1,1.0,整合课三部分词汇表初始导入
大二下::循环系统::英文::病理学::hematoma,熟悉,0,0,0,1,1.0,整合课三部分词汇表初始导入
大二下::循环系统::英文::病理学::hematuria,熟悉,0,0,0,1,1.0,整合课三部分词汇表初始导入
大二下::循环系统::英文::病理学::hemoptysis,熟悉,0,0,0,1,1.0,整合课三部分词汇表初始导入
大二下::循环系统::英文::病理学::hemorrhage,熟悉,0,0,0,1,1.0,整合课三部分词汇表初始导入
大二下::循环系统::英文::病理学::hemorrhagic-infarct,熟悉,0,0,0,1,1.0,整合课三部分词汇表初始导入
大二下::循环系统::英文::病理学::hemorrhagic-pericarditis,熟悉,0,0,0,1,1.0,整合课三部分词汇表初始导入
大二下::循环系统::英文::病理学::hemosiderin,熟悉,0,0,0,1,1.0,整合课三部分词汇表初始导入
大二下::循环系统::英文::病理学::high-density-lipoprotein,熟悉,0,0,0,1,1.0,整合课三部分词汇表初始导入
大二下::循环系统::英文::病理学::hyaline-thrombus,熟悉,0,0,0,1,1.0,整合课三部分词汇表初始导入
大二下::循环系统::英文::病理学::hydrocephalus,熟悉,0,0,0,1,1.0,整合课三部分词汇表初始导入
大二下::循环系统::英文::病理学::hydropericardium,熟悉,0,0,0,1,1.0,整合课三部分词汇表初始导入
大二下::循环系统::英文::病理学::hydroperitoneum,熟悉,0,0,0,1,1.0,整合课三部分词汇表初始导入
大二下::循环系统::英文::病理学::hydrops,熟悉,0,0,0,1,1.0,整合课三部分词汇表初始导入
大二下::循环系统::英文::病理学::hydrothorax,熟悉,0,0,0,1,1.0,整合课三部分词汇表初始导入
大二下::循环系统::英文::病理学::hyperemia,熟悉,0,0,0,1,1.0,整合课三部分词汇表初始导入
大二下::循环系统::英文::病理学::hyperinsulinemia,熟悉,0,0,0,1,1.0,整合课三部分词汇表初始导入
大二下::循环系统::英文::病理学::hyperlipidemia,熟悉,0,0,0,1,1.0,整合课三部分词汇表初始导入
大二下::循环系统::英文::病理学::hypertensive-encephalopathy,熟悉,0,0,0,1,1.0,整合课三部分词汇表初始导入
大二下::循环系统::英文::病理学::hypertensive-heart-disease,熟悉,0,0,0,1,1.0,整合课三部分词汇表初始导入
大二下::循环系统::英文::病理学::hypertrophic-cardiomyopathy,熟悉,0,0,0,1,1.0,整合课三部分词汇表初始导入
大二下::循环系统::英文::病理学::incegnn,熟悉,0,0,0,1,1.0,整合课三部分词汇表初始导入
大二下::循环系统::英文::病理学::infarction,熟悉,0,0,0,1,1.0,整合课三部分词汇表初始导入
大二下::循环系统::英文::病理学::infective-endocarditis,熟悉,0,0,0,1,1.0,整合课三部分词汇表初始导入
大二下::循环系统::英文::病理学::inflammatory-hyperemia,熟悉,0,0,0,1,1.0,整合课三部分词汇表初始导入
大二下::循环系统::英文::病理学::inhibitors-of-plasminogen-activator,熟悉,0,0,0,1,1.0,整合课三部分词汇表初始导入
大二下::循环系统::英文::病理学::intermediate-density-lipoprotein,熟悉,0,0,0,1,1.0,整合课三部分词汇表初始导入
大二下::循环系统::英文::病理学::keshan-s-disease,熟悉,0,0,0,1,1.0,整合课三部分词汇表初始导入
大二下::循环系统::英文::病理学::lactate-dehydrogenase,熟悉,0,0,0,1,1.0,整合课三部分词汇表初始导入
大二下::循环系统::英文::病理学::lipid-zone,熟悉,0,0,0,1,1.0,整合课三部分词汇表初始导入
大二下::循环系统::英文::病理学::lipoprotein,熟悉,0,0,0,1,1.0,整合课三部分词汇表初始导入
大二下::循环系统::英文::病理学::local-edema,熟悉,0,0,0,1,1.0,整合课三部分词汇表初始导入
大二下::循环系统::英文::病理学::low-density-lipoprotein,熟悉,0,0,0,1,1.0,整合课三部分词汇表初始导入
大二下::循环系统::英文::病理学::malignant-hypertension,熟悉,0,0,0,1,1.0,整合课三部分词汇表初始导入
大二下::循环系统::英文::病理学::microaneurysm,熟悉,0,0,0,1,1.0,整合课三部分词汇表初始导入
大二下::循环系统::英文::病理学::microinfarct,熟悉,0,0,0,1,1.0,整合课三部分词汇表初始导入
大二下::循环系统::英文::病理学::microthrombus,熟悉,0,0,0,1,1.0,整合课三部分词汇表初始导入
大二下::循环系统::英文::病理学::mitral-insufficiency,熟悉,0,0,0,1,1.0,整合课三部分词汇表初始导入
大二下::循环系统::英文::病理学::mitral-stenosis,熟悉,0,0,0,1,1.0,整合课三部分词汇表初始导入
大二下::循环系统::英文::病理学::mixed-thrombus,熟悉,0,0,0,1,1.0,整合课三部分词汇表初始导入
大二下::循环系统::英文::病理学::monckeberg-medial-calcific-sclerosis,熟悉,0,0,0,1,1.0,整合课三部分词汇表初始导入
大二下::循环系统::英文::病理学::monocyte-chemoattractant-protein-1,熟悉,0,0,0,1,1.0,整合课三部分词汇表初始导入
大二下::循环系统::英文::病理学::mural-thrombi,熟悉,0,0,0,1,1.0,整合课三部分词汇表初始导入
大二下::循环系统::英文::病理学::myocardial-fibrosis,熟悉,0,0,0,1,1.0,整合课三部分词汇表初始导入
大二下::循环系统::英文::病理学::myocardial-infarction,熟悉,0,0,0,1,1.0,整合课三部分词汇表初始导入
大二下::循环系统::英文::病理学::necrotizing-arteriolitis,熟悉,0,0,0,1,1.0,整合课三部分词汇表初始导入
大二下::循环系统::英文::病理学::nutmeg-liver,熟悉,0,0,0,1,1.0,整合课三部分词汇表初始导入
大二下::循环系统::英文::病理学::osler-nodule,熟悉,0,0,0,1,1.0,整合课三部分词汇表初始导入
大二下::循环系统::英文::病理学::oxidization,熟悉,0,0,0,1,1.0,整合课三部分词汇表初始导入
大二下::循环系统::英文::病理学::oxtdized-ldl,熟悉,0,0,0,1,1.0,整合课三部分词汇表初始导入
大二下::循环系统::英文::病理学::pale-thrombus,熟悉,0,0,0,1,1.0,整合课三部分词汇表初始导入
大二下::循环系统::英文::病理学::passive-hyperemia,熟悉,0,0,0,1,1.0,整合课三部分词汇表初始导入
大二下::循环系统::英文::病理学::pericardial-adhesion,熟悉,0,0,0,1,1.0,整合课三部分词汇表初始导入
大二下::循环系统::英文::病理学::pericarditis,熟悉,0,0,0,1,1.0,整合课三部分词汇表初始导入
大二下::循环系统::英文::病理学::pericarditis-calcification,熟悉,0,0,0,1,1.0,整合课三部分词汇表初始导入
大二下::循环系统::英文::病理学::petechiae,熟悉,0,0,0,1,1.0,整合课三部分词汇表初始导入
大二下::循环系统::英文::病理学::phlebolith,熟悉,0,0,0,1,1.0,整合课三部分词汇表初始导入
大二下::循环系统::英文::病理学::platelet-derived-growth-factor,熟悉,0,0,0,1,1.0,整合课三部分词汇表初始导入
大二下::循环系统::英文::病理学::primary-granular-atrophy-of-the-kidney,熟悉,0,0,0,1,1.0,整合课三部分词汇表初始导入
大二下::循环系统::英文::病理学::primary-hypertension,熟悉,0,0,0,1,1.0,整合课三部分词汇表初始导入
大二下::循环系统::英文::病理学::propagating-thrombus,熟悉,0,0,0,1,1.0,整合课三部分词汇表初始导入
大二下::循环系统::英文::病理学::prostacyclin-gi2,熟悉,0,0,0,1,1.0,整合课三部分词汇表初始导入
大二下::循环系统::英文::病理学::pulmonary-embolism,熟悉,0,0,0,1,1.0,整合课三部分词汇表初始导入
大二下::循环系统::英文::病理学::purpura,熟悉,0,0,0,1,1.0,整合课三部分词汇表初始导入
大二下::循环系统::英文::病理学::purulent-or-suppurative-pericarditis,熟悉,0,0,0,1,1.0,整合课三部分词汇表初始导入
大二下::循环系统::英文::病理学::recanalization,熟悉,0,0,0,1,1.0,整合课三部分词汇表初始导入
大二下::循环系统::英文::病理学::red-infarct,熟悉,0,0,0,1,1.0,整合课三部分词汇表初始导入
大二下::循环系统::英文::病理学::red-thrombus,熟悉,0,0,0,1,1.0,整合课三部分词汇表初始导入
大二下::循环系统::英文::病理学::regional-myocardial-infarction,熟悉,0,0,0,1,1.0,整合课三部分词汇表初始导入
大二下::循环系统::英文::病理学::release-reaction,熟悉,0,0,0,1,1.0,整合课三部分词汇表初始导入
大二下::循环系统::英文::病理学::restrictive-cardiomyopathy,熟悉,0,0,0,1,1.0,整合课三部分词汇表初始导入
大二下::循环系统::英文::病理学::retrograde-embolism,熟悉,0,0,0,1,1.0,整合课三部分词汇表初始导入
大二下::循环系统::英文::病理学::rheumatic-arteritis,熟悉,0,0,0,1,1.0,整合课三部分词汇表初始导入
大二下::循环系统::英文::病理学::rheumatic-arthritis,熟悉,0,0,0,1,1.0,整合课三部分词汇表初始导入
大二下::循环系统::英文::病理学::rheumatic-myocarditis,熟悉,0,0,0,1,1.0,整合课三部分词汇表初始导入
大二下::循环系统::英文::病理学::rheumatic-pancarditis,熟悉,0,0,0,1,1.0,整合课三部分词汇表初始导入
大二下::循环系统::英文::病理学::rheumatic-pedocarditis,熟悉,0,0,0,1,1.0,整合课三部分词汇表初始导入
大二下::循环系统::英文::病理学::rheumatic-pericarditis,熟悉,0,0,0,1,1.0,整合课三部分词汇表初始导入
大二下::循环系统::英文::病理学::rheumatism,熟悉,0,0,0,1,1.0,整合课三部分词汇表初始导入
大二下::循环系统::英文::病理学::saccular-or-berry-aneurysm,熟悉,0,0,0,1,1.0,整合课三部分词汇表初始导入
大二下::循环系统::英文::病理学::secondary-hypertension,熟悉,0,0,0,1,1.0,整合课三部分词汇表初始导入
大二下::循环系统::英文::病理学::septic-infarct,熟悉,0,0,0,1,1.0,整合课三部分词汇表初始导入
大二下::循环系统::英文::病理学::serous-pericarditis,熟悉,0,0,0,1,1.0,整合课三部分词汇表初始导入
大二下::循环系统::英文::病理学::small-dense-low-density-lipoprotein,熟悉,0,0,0,1,1.0,整合课三部分词汇表初始导入
大二下::循环系统::英文::病理学::smooth-muscle-cell,熟悉,0,0,0,1,1.0,整合课三部分词汇表初始导入
大二下::循环系统::英文::病理学::stable-angina-pectoris,熟悉,0,0,0,1,1.0,整合课三部分词汇表初始导入
大二下::循环系统::英文::病理学::stroke,熟悉,0,0,0,1,1.0,整合课三部分词汇表初始导入
大二下::循环系统::英文::病理学::subcutaneous-nodule,熟悉,0,0,0,1,1.0,整合课三部分词汇表初始导入
大二下::循环系统::英文::病理学::subendocardial-myocardial-infarction,熟悉,0,0,0,1,1.0,整合课三部分词汇表初始导入
大二下::循环系统::英文::病理学::sudden-cardiac-death,熟悉,0,0,0,1,1.0,整合课三部分词汇表初始导入
大二下::循环系统::英文::病理学::symptomatic-hypertension,熟悉,0,0,0,1,1.0,整合课三部分词汇表初始导入
大二下::循环系统::英文::病理学::tetralogy-of-fallot,熟悉,0,0,0,1,1.0,整合课三部分词汇表初始导入
大二下::循环系统::英文::病理学::thromboembolism,熟悉,0,0,0,1,1.0,整合课三部分词汇表初始导入
大二下::循环系统::英文::病理学::thrombosis,熟悉,0,0,0,1,1.0,整合课三部分词汇表初始导入
大二下::循环系统::英文::病理学::thromboxane-a2,熟悉,0,0,0,1,1.0,整合课三部分词汇表初始导入
大二下::循环系统::英文::病理学::thrombus,熟悉,0,0,0,1,1.0,整合课三部分词汇表初始导入
大二下::循环系统::英文::病理学::tissue-type-plasminogen-activator,熟悉,0,0,0,1,1.0,整合课三部分词汇表初始导入
大二下::循环系统::英文::病理学::transmural-myocardial-infarction,熟悉,0,0,0,1,1.0,整合课三部分词汇表初始导入
大二下::循环系统::英文::病理学::true-aneurysm,熟悉,0,0,0,1,1.0,整合课三部分词汇表初始导入
大二下::循环系统::英文::病理学::unstable-angina-pectoris,熟悉,0,0,0,1,1.0,整合课三部分词汇表初始导入
大二下::循环系统::英文::病理学::valvular-vitium-of-the-heart,熟悉,0,0,0,1,1.0,整合课三部分词汇表初始导入
大二下::循环系统::英文::病理学::variant-angina-pectoris,熟悉,0,0,0,1,1.0,整合课三部分词汇表初始导入
大二下::循环系统::英文::病理学::venous-hyperemia,熟悉,0,0,0,1,1.0,整合课三部分词汇表初始导入
大二下::循环系统::英文::病理学::verrucos-vegetation,熟悉,0,0,0,1,1.0,整合课三部分词汇表初始导入
大二下::循环系统::英文::病理学::very-low-density-lipoprotein,熟悉,0,0,0,1,1.0,整合课三部分词汇表初始导入
大二下::循环系统::英文::病理学::viral-myocarditis,熟悉,0,0,0,1,1.0,整合课三部分词汇表初始导入
大二下::循环系统::英文::病理学::von-willebrand-factor,熟悉,0,0,0,1,1.0,整合课三部分词汇表初始导入
大二下::循环系统::英文::病理生理学::acute-pulmonary-edema,熟悉,0,0,0,1,1.0,整合课三部分词汇表初始导入
大二下::循环系统::英文::病理生理学::acute-respiratory-distress,熟悉,0,0,0,1,1.0,整合课三部分词汇表初始导入
大二下::循环系统::英文::病理生理学::adenosine,熟悉,0,0,0,1,1.0,整合课三部分词汇表初始导入
大二下::循环系统::英文::病理生理学::anaphylactic-shock,熟悉,0,0,0,1,1.0,整合课三部分词汇表初始导入
大二下::循环系统::英文::病理生理学::angiotensin-converting-enzyme-inhibitor,熟悉,0,0,0,1,1.0,整合课三部分词汇表初始导入
大二下::循环系统::英文::病理生理学::angiotensin-ii,熟悉,0,0,0,1,1.0,整合课三部分词汇表初始导入
大二下::循环系统::英文::病理生理学::angiotensin-ii-receptor-blocker,熟悉,0,0,0,1,1.0,整合课三部分词汇表初始导入
大二下::循环系统::英文::病理生理学::aortic-valve-incompetence,熟悉,0,0,0,1,1.0,整合课三部分词汇表初始导入
大二下::循环系统::英文::病理生理学::aortic-valve-stenosis,熟悉,0,0,0,1,1.0,整合课三部分词汇表初始导入
大二下::循环系统::英文::病理生理学::arrhythmia,熟悉,0,0,0,1,1.0,整合课三部分词汇表初始导入
大二下::循环系统::英文::病理生理学::arteriovenous-fistula,熟悉,0,0,0,1,1.0,整合课三部分词汇表初始导入
大二下::循环系统::英文::病理生理学::burn-shock,熟悉,0,0,0,1,1.0,整合课三部分词汇表初始导入
大二下::循环系统::英文::病理生理学::calcium-overload,熟悉,0,0,0,1,1.0,整合课三部分词汇表初始导入
大二下::循环系统::英文::病理生理学::calcium-paradox,熟悉,0,0,0,1,1.0,整合课三部分词汇表初始导入
大二下::循环系统::英文::病理生理学::cardiac-asthma,熟悉,0,0,0,1,1.0,整合课三部分词汇表初始导入
大二下::循环系统::英文::病理生理学::cardiac-insufficiency,熟悉,0,0,0,1,1.0,整合课三部分词汇表初始导入
大二下::循环系统::英文::病理生理学::cardiac-output,熟悉,0,0,0,1,1.0,整合课三部分词汇表初始导入
大二下::循环系统::英文::病理生理学::cardiogenic-shock,熟悉,0,0,0,1,1.0,整合课三部分词汇表初始导入
大二下::循环系统::英文::病理生理学::cardiomyocyte-apoptosis,熟悉,0,0,0,1,1.0,整合课三部分词汇表初始导入
大二下::循环系统::英文::病理生理学::cardiomyocyte-necrosis,熟悉,0,0,0,1,1.0,整合课三部分词汇表初始导入
大二下::循环系统::英文::病理生理学::cardiomyopathy,熟悉,0,0,0,1,1.0,整合课三部分词汇表初始导入
大二下::循环系统::英文::病理生理学::concentric-hypertrophy,熟悉,0,0,0,1,1.0,整合课三部分词汇表初始导入
大二下::循环系统::英文::病理生理学::congestive-heart-failure,熟悉,0,0,0,1,1.0,整合课三部分词汇表初始导入
大二下::循环系统::英文::病理生理学::coronary-artery-disease,熟悉,0,0,0,1,1.0,整合课三部分词汇表初始导入
大二下::循环系统::英文::病理生理学::digitalis-toxication,熟悉,0,0,0,1,1.0,整合课三部分词汇表初始导入
大二下::循环系统::英文::病理生理学::dyspnea-on-exertion,熟悉,0,0,0,1,1.0,整合课三部分词汇表初始导入
大二下::循环系统::英文::病理生理学::eccentric-hypertrophy,熟悉,0,0,0,1,1.0,整合课三部分词汇表初始导入
大二下::循环系统::英文::病理生理学::endorphin,熟悉,0,0,0,1,1.0,整合课三部分词汇表初始导入
大二下::循环系统::英文::病理生理学::endothelin,熟悉,0,0,0,1,1.0,整合课三部分词汇表初始导入
大二下::循环系统::英文::病理生理学::free-radical,熟悉,0,0,0,1,1.0,整合课三部分词汇表初始导入
大二下::循环系统::英文::病理生理学::heart-failure,熟悉,0,0,0,1,1.0,整合课三部分词汇表初始导入
大二下::循环系统::英文::病理生理学::hemorrhagic-shock,熟悉,0,0,0,1,1.0,整合课三部分词汇表初始导入
大二下::循环系统::英文::病理生理学::high-output-heart-failure,熟悉,0,0,0,1,1.0,整合课三部分词汇表初始导入
大二下::循环系统::英文::病理生理学::histamine,熟悉,0,0,0,1,1.0,整合课三部分词汇表初始导入
大二下::循环系统::英文::病理生理学::hyperdynamic-shock,熟悉,0,0,0,1,1.0,整合课三部分词汇表初始导入
大二下::循环系统::英文::病理生理学::hypertension,熟悉,0,0,0,1,1.0,整合课三部分词汇表初始导入
大二下::循环系统::英文::病理生理学::hyperthyroidism,熟悉,0,0,0,1,1.0,整合课三部分词汇表初始导入
大二下::循环系统::英文::病理生理学::hypodynamic-shock,熟悉,0,0,0,1,1.0,整合课三部分词汇表初始导入
大二下::循环系统::英文::病理生理学::hypovolemic-shock,熟悉,0,0,0,1,1.0,整合课三部分词汇表初始导入
大二下::循环系统::英文::病理生理学::impaired-excitation-contraction-coupling,熟悉,0,0,0,1,1.0,整合课三部分词汇表初始导入
大二下::循环系统::英文::病理生理学::infective-shock,熟悉,0,0,0,1,1.0,整合课三部分词汇表初始导入
大二下::循环系统::英文::病理生理学::ischemia-reperfusion-injury,熟悉,0,0,0,1,1.0,整合课三部分词汇表初始导入
大二下::循环系统::英文::病理生理学::ischemic-anoxia-stage,熟悉,0,0,0,1,1.0,整合课三部分词汇表初始导入
大二下::循环系统::英文::病理生理学::ischemic-preconditioning,熟悉,0,0,0,1,1.0,整合课三部分词汇表初始导入
大二下::循环系统::英文::病理生理学::kinin,熟悉,0,0,0,1,1.0,整合课三部分词汇表初始导入
大二下::循环系统::英文::病理生理学::leukotrienes,熟悉,0,0,0,1,1.0,整合课三部分词汇表初始导入
大二下::循环系统::英文::病理生理学::lipid-peroxidation,熟悉,0,0,0,1,1.0,整合课三部分词汇表初始导入
大二下::循环系统::英文::病理生理学::low-output-heart-failure,熟悉,0,0,0,1,1.0,整合课三部分词汇表初始导入
大二下::循环系统::英文::病理生理学::microcirculatory-failure-stage,熟悉,0,0,0,1,1.0,整合课三部分词汇表初始导入
大二下::循环系统::英文::病理生理学::mitral-valve-incompetence,熟悉,0,0,0,1,1.0,整合课三部分词汇表初始导入
大二下::循环系统::英文::病理生理学::multiple-organ-dysfunction-syndrome,熟悉,0,0,0,1,1.0,整合课三部分词汇表初始导入
大二下::循环系统::英文::病理生理学::myocardial-depressant-factor,熟悉,0,0,0,1,1.0,整合课三部分词汇表初始导入
大二下::循环系统::英文::病理生理学::myocardial-failure,熟悉,0,0,0,1,1.0,整合课三部分词汇表初始导入
大二下::循环系统::英文::病理生理学::myocardial-hypertrophy,熟悉,0,0,0,1,1.0,整合课三部分词汇表初始导入
大二下::循环系统::英文::病理生理学::myocardial-infarction,熟悉,0,0,0,1,1.0,整合课三部分词汇表初始导入
大二下::循环系统::英文::病理生理学::myocardial-stunning,熟悉,0,0,0,1,1.0,整合课三部分词汇表初始导入
大二下::循环系统::英文::病理生理学::myocarditis,熟悉,0,0,0,1,1.0,整合课三部分词汇表初始导入
大二下::循环系统::英文::病理生理学::myocyte-phenotype,熟悉,0,0,0,1,1.0,整合课三部分词汇表初始导入
大二下::循环系统::英文::病理生理学::myogenic-dilatation,熟悉,0,0,0,1,1.0,整合课三部分词汇表初始导入
大二下::循环系统::英文::病理生理学::neurogenic-shock,熟悉,0,0,0,1,1.0,整合课三部分词汇表初始导入
大二下::循环系统::英文::病理生理学::no-reflow-phenomenon,熟悉,0,0,0,1,1.0,整合课三部分词汇表初始导入
大二下::循环系统::英文::病理生理学::orthopnea,熟悉,0,0,0,1,1.0,整合课三部分词汇表初始导入
大二下::循环系统::英文::病理生理学::oxidative-stress,熟悉,0,0,0,1,1.0,整合课三部分词汇表初始导入
大二下::循环系统::英文::病理生理学::oxygen-burst,熟悉,0,0,0,1,1.0,整合课三部分词汇表初始导入
大二下::循环系统::英文::病理生理学::oxygen-free-radical,熟悉,0,0,0,1,1.0,整合课三部分词汇表初始导入
大二下::循环系统::英文::病理生理学::oxygen-paradox,熟悉,0,0,0,1,1.0,整合课三部分词汇表初始导入
大二下::循环系统::英文::病理生理学::paroxysmal-nocturnal-dyspnea,熟悉,0,0,0,1,1.0,整合课三部分词汇表初始导入
大二下::循环系统::英文::病理生理学::percutaneous-coronary-intervention,熟悉,0,0,0,1,1.0,整合课三部分词汇表初始导入
大二下::循环系统::英文::病理生理学::ph-paradox,熟悉,0,0,0,1,1.0,整合课三部分词汇表初始导入
大二下::循环系统::英文::病理生理学::phosphocreatine-kinase,熟悉,0,0,0,1,1.0,整合课三部分词汇表初始导入
大二下::循环系统::英文::病理生理学::pressure-overload,熟悉,0,0,0,1,1.0,整合课三部分词汇表初始导入
大二下::循环系统::英文::病理生理学::progressive-stage,熟悉,0,0,0,1,1.0,整合课三部分词汇表初始导入
大二下::循环系统::英文::病理生理学::pulmonary-hypertension,熟悉,0,0,0,1,1.0,整合课三部分词汇表初始导入
大二下::循环系统::英文::病理生理学::pulmonary-valve-incompetence,熟悉,0,0,0,1,1.0,整合课三部分词汇表初始导入
大二下::循环系统::英文::病理生理学::pulmonary-valve-stenosis,熟悉,0,0,0,1,1.0,整合课三部分词汇表初始导入
大二下::循环系统::英文::病理生理学::reactive-oxygen-species,熟悉,0,0,0,1,1.0,整合课三部分词汇表初始导入
大二下::循环系统::英文::病理生理学::redistribution-of-blood-flow,熟悉,0,0,0,1,1.0,整合课三部分词汇表初始导入
大二下::循环系统::英文::病理生理学::respiratory-burst,熟悉,0,0,0,1,1.0,整合课三部分词汇表初始导入
大二下::循环系统::英文::病理生理学::severe-anemia,熟悉,0,0,0,1,1.0,整合课三部分词汇表初始导入
大二下::循环系统::英文::病理生理学::stagnant-anoxia-stage,熟悉,0,0,0,1,1.0,整合课三部分词汇表初始导入
大二下::循环系统::英文::病理生理学::systemic-inflammatory-repones-syndrome,熟悉,0,0,0,1,1.0,整合课三部分词汇表初始导入
大二下::循环系统::英文::病理生理学::tachyarrhythmia,熟悉,0,0,0,1,1.0,整合课三部分词汇表初始导入
大二下::循环系统::英文::病理生理学::thromboxane-a,熟悉,0,0,0,1,1.0,整合课三部分词汇表初始导入
大二下::循环系统::英文::病理生理学::tonogenic-dilation,熟悉,0,0,0,1,1.0,整合课三部分词汇表初始导入
大二下::循环系统::英文::病理生理学::traumatic-shock,熟悉,0,0,0,1,1.0,整合课三部分词汇表初始导入
大二下::循环系统::英文::病理生理学::tricuspid-valve-incompetence,熟悉,0,0,0,1,1.0,整合课三部分词汇表初始导入
大二下::循环系统::英文::病理生理学::vascular-endothelial-cell,熟悉,0,0,0,1,1.0,整合课三部分词汇表初始导入
大二下::循环系统::英文::病理生理学::vasogenic-shock,熟悉,0,0,0,1,1.0,整合课三部分词汇表初始导入
大二下::循环系统::英文::病理生理学::vasopressin,熟悉,0,0,0,1,1.0,整合课三部分词汇表初始导入
大二下::循环系统::英文::病理生理学::ventricular-remodeling,熟悉,0,0,0,1,1.0,整合课三部分词汇表初始导入
大二下::循环系统::英文::病理生理学::vitamin-b1-deficiency,熟悉,0,0,0,1,1.0,整合课三部分词汇表初始导入
大二下::循环系统::英文::病理生理学::volume-overload,熟悉,0,0,0,1,1.0,整合课三部分词汇表初始导入
大二下::循环系统::英文::药理学::adenosine,熟悉,0,0,0,1,1.0,整合课三部分词汇表初始导入
大二下::循环系统::英文::药理学::adrenaline,熟悉,0,0,0,1,1.0,整合课三部分词汇表初始导入
大二下::循环系统::英文::药理学::adrenoceptor-agonists,熟悉,0,0,0,1,1.0,整合课三部分词汇表初始导入
大二下::循环系统::英文::药理学::afterdepolarization,熟悉,0,0,0,1,1.0,整合课三部分词汇表初始导入
大二下::循环系统::英文::药理学::amiodarone,熟悉,0,0,0,1,1.0,整合课三部分词汇表初始导入
大二下::循环系统::英文::药理学::amlodipine,熟悉,0,0,0,1,1.0,整合课三部分词汇表初始导入
大二下::循环系统::英文::药理学::anaphylactic-shock,熟悉,0,0,0,1,1.0,整合课三部分词汇表初始导入
大二下::循环系统::英文::药理学::angina-pectoris,熟悉,0,0,0,1,1.0,整合课三部分词汇表初始导入
大二下::循环系统::英文::药理学::angioedema,熟悉,0,0,0,1,1.0,整合课三部分词汇表初始导入
大二下::循环系统::英文::药理学::angiotensin-converting-enzyme-inhibitors,熟悉,0,0,0,1,1.0,整合课三部分词汇表初始导入
大二下::循环系统::英文::药理学::angiotensin-receptor-blockers,熟悉,0,0,0,1,1.0,整合课三部分词汇表初始导入
大二下::循环系统::英文::药理学::antishock-drugs,熟悉,0,0,0,1,1.0,整合课三部分词汇表初始导入
大二下::循环系统::英文::药理学::arrhythmia,熟悉,0,0,0,1,1.0,整合课三部分词汇表初始导入
大二下::循环系统::英文::药理学::atherosclerosis,熟悉,0,0,0,1,1.0,整合课三部分词汇表初始导入
大二下::循环系统::英文::药理学::atrial-fibrillation,熟悉,0,0,0,1,1.0,整合课三部分词汇表初始导入
大二下::循环系统::英文::药理学::atrial-flutter,熟悉,0,0,0,1,1.0,整合课三部分词汇表初始导入
大二下::循环系统::英文::药理学::atropine,熟悉,0,0,0,1,1.0,整合课三部分词汇表初始导入
大二下::循环系统::英文::药理学::bile-acid-binding-resins,熟悉,0,0,0,1,1.0,整合课三部分词汇表初始导入
大二下::循环系统::英文::药理学::calcium-channel-blockers,熟悉,0,0,0,1,1.0,整合课三部分词汇表初始导入
大二下::循环系统::英文::药理学::candesartan,熟悉,0,0,0,1,1.0,整合课三部分词汇表初始导入
大二下::循环系统::英文::药理学::captopril,熟悉,0,0,0,1,1.0,整合课三部分词汇表初始导入
大二下::循环系统::英文::药理学::cardiac-arrest,熟悉,0,0,0,1,1.0,整合课三部分词汇表初始导入
大二下::循环系统::英文::药理学::cardiac-glycosides,熟悉,0,0,0,1,1.0,整合课三部分词汇表初始导入
大二下::循环系统::英文::药理学::cardiac-hypertrophy-and-vascular-remodeling,熟悉,0,0,0,1,1.0,整合课三部分词汇表初始导入
大二下::循环系统::英文::药理学::carvedilol,熟悉,0,0,0,1,1.0,整合课三部分词汇表初始导入
大二下::循环系统::英文::药理学::catecholamine,熟悉,0,0,0,1,1.0,整合课三部分词汇表初始导入
大二下::循环系统::英文::药理学::centrally-acting-sympatholytic-drugs,熟悉,0,0,0,1,1.0,整合课三部分词汇表初始导入
大二下::循环系统::英文::药理学::cholesterol,熟悉,0,0,0,1,1.0,整合课三部分词汇表初始导入
大二下::循环系统::英文::药理学::cinchonism,熟悉,0,0,0,1,1.0,整合课三部分词汇表初始导入
大二下::循环系统::英文::药理学::clonidine,熟悉,0,0,0,1,1.0,整合课三部分词汇表初始导入
大二下::循环系统::英文::药理学::colestipol,熟悉,0,0,0,1,1.0,整合课三部分词汇表初始导入
大二下::循环系统::英文::药理学::colestyramine,熟悉,0,0,0,1,1.0,整合课三部分词汇表初始导入
大二下::循环系统::英文::药理学::delayed-afterdepolarization,熟悉,0,0,0,1,1.0,整合课三部分词汇表初始导入
大二下::循环系统::英文::药理学::digoxin,熟悉,0,0,0,1,1.0,整合课三部分词汇表初始导入
大二下::循环系统::英文::药理学::diuretics,熟悉,0,0,0,1,1.0,整合课三部分词汇表初始导入
大二下::循环系统::英文::药理学::dobutamine,熟悉,0,0,0,1,1.0,整合课三部分词汇表初始导入
大二下::循环系统::英文::药理学::dofetilide,熟悉,0,0,0,1,1.0,整合课三部分词汇表初始导入
大二下::循环系统::英文::药理学::dopamine,熟悉,0,0,0,1,1.0,整合课三部分词汇表初始导入
大二下::循环系统::英文::药理学::dronedarone,熟悉,0,0,0,1,1.0,整合课三部分词汇表初始导入
大二下::循环系统::英文::药理学::early-afterdepolarization,熟悉,0,0,0,1,1.0,整合课三部分词汇表初始导入
大二下::循环系统::英文::药理学::enalapril,熟悉,0,0,0,1,1.0,整合课三部分词汇表初始导入
大二下::循环系统::英文::药理学::ephedrine,熟悉,0,0,0,1,1.0,整合课三部分词汇表初始导入
大二下::循环系统::英文::药理学::ezetimibe,熟悉,0,0,0,1,1.0,整合课三部分词汇表初始导入
大二下::循环系统::英文::药理学::fenofibrate,熟悉,0,0,0,1,1.0,整合课三部分词汇表初始导入
大二下::循环系统::英文::药理学::first-dose-phenomenon,熟悉,0,0,0,1,1.0,整合课三部分词汇表初始导入
大二下::循环系统::英文::药理学::furosemide,熟悉,0,0,0,1,1.0,整合课三部分词汇表初始导入
大二下::循环系统::英文::药理学::ganglion-blocking-agents,熟悉,0,0,0,1,1.0,整合课三部分词汇表初始导入
大二下::循环系统::英文::药理学::gemfibrozil,熟悉,0,0,0,1,1.0,整合课三部分词汇表初始导入
大二下::循环系统::英文::药理学::guanethidine,熟悉,0,0,0,1,1.0,整合课三部分词汇表初始导入
大二下::循环系统::英文::药理学::hydralazine,熟悉,0,0,0,1,1.0,整合课三部分词汇表初始导入
大二下::循环系统::英文::药理学::hyperkalemia,熟悉,0,0,0,1,1.0,整合课三部分词汇表初始导入
大二下::循环系统::英文::药理学::hyperlipidemia,熟悉,0,0,0,1,1.0,整合课三部分词汇表初始导入
大二下::循环系统::英文::药理学::indapamide,熟悉,0,0,0,1,1.0,整合课三部分词汇表初始导入
大二下::循环系统::英文::药理学::isoprenaline,熟悉,0,0,0,1,1.0,整合课三部分词汇表初始导入
大二下::循环系统::英文::药理学::lidocaine,熟悉,0,0,0,1,1.0,整合课三部分词汇表初始导入
大二下::循环系统::英文::药理学::lipoprotein,熟悉,0,0,0,1,1.0,整合课三部分词汇表初始导入
大二下::循环系统::英文::药理学::loop-diuretics,熟悉,0,0,0,1,1.0,整合课三部分词汇表初始导入
大二下::循环系统::英文::药理学::losartan,熟悉,0,0,0,1,1.0,整合课三部分词汇表初始导入
大二下::循环系统::英文::药理学::lovastatin,熟悉,0,0,0,1,1.0,整合课三部分词汇表初始导入
大二下::循环系统::英文::药理学::melinamide,熟悉,0,0,0,1,1.0,整合课三部分词汇表初始导入
大二下::循环系统::英文::药理学::mephentermine,熟悉,0,0,0,1,1.0,整合课三部分词汇表初始导入
大二下::循环系统::英文::药理学::metaraminol,熟悉,0,0,0,1,1.0,整合课三部分词汇表初始导入
大二下::循环系统::英文::药理学::methoxamine,熟悉,0,0,0,1,1.0,整合课三部分词汇表初始导入
大二下::循环系统::英文::药理学::metoprolol,熟悉,0,0,0,1,1.0,整合课三部分词汇表初始导入
大二下::循环系统::英文::药理学::mevastatin,熟悉,0,0,0,1,1.0,整合课三部分词汇表初始导入
大二下::循环系统::英文::药理学::minoxidil,熟悉,0,0,0,1,1.0,整合课三部分词汇表初始导入
大二下::循环系统::英文::药理学::nicorandil,熟悉,0,0,0,1,1.0,整合课三部分词汇表初始导入
大二下::循环系统::英文::药理学::nicotinic-acid,熟悉,0,0,0,1,1.0,整合课三部分词汇表初始导入
大二下::循环系统::英文::药理学::nifedipine,熟悉,0,0,0,1,1.0,整合课三部分词汇表初始导入
大二下::循环系统::英文::药理学::nitrate-esters,熟悉,0,0,0,1,1.0,整合课三部分词汇表初始导入
大二下::循环系统::英文::药理学::nitroglycerin,熟悉,0,0,0,1,1.0,整合课三部分词汇表初始导入
大二下::循环系统::英文::药理学::noradrenaline,熟悉,0,0,0,1,1.0,整合课三部分词汇表初始导入
大二下::循环系统::英文::药理学::palpitation,熟悉,0,0,0,1,1.0,整合课三部分词汇表初始导入
大二下::循环系统::英文::药理学::phenylephrine,熟悉,0,0,0,1,1.0,整合课三部分词汇表初始导入
大二下::循环系统::英文::药理学::phenytoin-sodium,熟悉,0,0,0,1,1.0,整合课三部分词汇表初始导入
大二下::循环系统::英文::药理学::positive-inotropic-action,熟悉,0,0,0,1,1.0,整合课三部分词汇表初始导入
大二下::循环系统::英文::药理学::postural-hypotension,熟悉,0,0,0,1,1.0,整合课三部分词汇表初始导入
大二下::循环系统::英文::药理学::pravastatin,熟悉,0,0,0,1,1.0,整合课三部分词汇表初始导入
大二下::循环系统::英文::药理学::prazosin,熟悉,0,0,0,1,1.0,整合课三部分词汇表初始导入
大二下::循环系统::英文::药理学::probucol,熟悉,0,0,0,1,1.0,整合课三部分词汇表初始导入
大二下::循环系统::英文::药理学::procainamide,熟悉,0,0,0,1,1.0,整合课三部分词汇表初始导入
大二下::循环系统::英文::药理学::propafenone,熟悉,0,0,0,1,1.0,整合课三部分词汇表初始导入
大二下::循环系统::英文::药理学::propranolol,熟悉,0,0,0,1,1.0,整合课三部分词汇表初始导入
大二下::循环系统::英文::药理学::quinidine,熟悉,0,0,0,1,1.0,整合课三部分词汇表初始导入
大二下::循环系统::英文::药理学::quinidine-syncope,熟悉,0,0,0,1,1.0,整合课三部分词汇表初始导入
大二下::循环系统::英文::药理学::ras-inhibitors,熟悉,0,0,0,1,1.0,整合课三部分词汇表初始导入
大二下::循环系统::英文::药理学::rebound-phenomenon,熟悉,0,0,0,1,1.0,整合课三部分词汇表初始导入
大二下::循环系统::英文::药理学::reentry,熟悉,0,0,0,1,1.0,整合课三部分词汇表初始导入
大二下::循环系统::英文::药理学::reserpine,熟悉,0,0,0,1,1.0,整合课三部分词汇表初始导入
大二下::循环系统::英文::药理学::rhabdomyolysis,熟悉,0,0,0,1,1.0,整合课三部分词汇表初始导入
大二下::循环系统::英文::药理学::salbutamol,熟悉,0,0,0,1,1.0,整合课三部分词汇表初始导入
大二下::循环系统::英文::药理学::simvastatin,熟悉,0,0,0,1,1.0,整合课三部分词汇表初始导入
大二下::循环系统::英文::药理学::sinus-tachycardia,熟悉,0,0,0,1,1.0,整合课三部分词汇表初始导入
大二下::循环系统::英文::药理学::sodium-nitroprusside,熟悉,0,0,0,1,1.0,整合课三部分词汇表初始导入
大二下::循环系统::英文::药理学::spironolactone,熟悉,0,0,0,1,1.0,整合课三部分词汇表初始导入
大二下::循环系统::英文::药理学::stable-angina-pectoris,熟悉,0,0,0,1,1.0,整合课三部分词汇表初始导入
大二下::循环系统::英文::药理学::strophanthin-k,熟悉,0,0,0,1,1.0,整合课三部分词汇表初始导入
大二下::循环系统::英文::药理学::sympatholytic-drugs,熟悉,0,0,0,1,1.0,整合课三部分词汇表初始导入
大二下::循环系统::英文::药理学::tachyphylaxis,熟悉,0,0,0,1,1.0,整合课三部分词汇表初始导入
大二下::循环系统::英文::药理学::thiazide-like-diuretics,熟悉,0,0,0,1,1.0,整合课三部分词汇表初始导入
大二下::循环系统::英文::药理学::thiazides,熟悉,0,0,0,1,1.0,整合课三部分词汇表初始导入
大二下::循环系统::英文::药理学::triggered-activity,熟悉,0,0,0,1,1.0,整合课三部分词汇表初始导入
大二下::循环系统::英文::药理学::triglyceride,熟悉,0,0,0,1,1.0,整合课三部分词汇表初始导入
大二下::循环系统::英文::药理学::trimetazidine,熟悉,0,0,0,1,1.0,整合课三部分词汇表初始导入
大二下::循环系统::英文::药理学::unstable-angina-pectoris,熟悉,0,0,0,1,1.0,整合课三部分词汇表初始导入
大二下::循环系统::英文::药理学::variant-angina-pectoris,熟悉,0,0,0,1,1.0,整合课三部分词汇表初始导入
大二下::循环系统::英文::药理学::vasopressin,熟悉,0,0,0,1,1.0,整合课三部分词汇表初始导入
大二下::循环系统::英文::药理学::ventricular-fibrillation,熟悉,0,0,0,1,1.0,整合课三部分词汇表初始导入
大二下::循环系统::英文::药理学::ventricular-tachycardia,熟悉,0,0,0,1,1.0,整合课三部分词汇表初始导入
大二下::循环系统::英文::药理学::verapamil,熟悉,0,0,0,1,1.0,整合课三部分词汇表初始导入
